country_parsed,iso3,income_group,region,records,mrsa_marker_positive,nonhuman_records,human_or_clinical_records,unknown_source_records,population_latest,population_latest_year,records_per_million_pop,mrsa_per_million_pop
United States,USA,High income,North America,25672,15442,591,24952,129,341784857.0,2025.0,75.1116,45.1805
United Kingdom,GBR,High income,Europe & Central Asia,9955,1302,39,572,9344,69487000.0,2025.0,143.2642,18.7373
China,CHN,Upper middle income,East Asia & Pacific,8684,5121,2188,6066,430,1406585000.0,2025.0,6.1738,3.6407
Netherlands,NLD,High income,Europe & Central Asia,7259,7185,176,6953,130,18087633.0,2025.0,401.3239,397.2327
Denmark,DNK,High income,Europe & Central Asia,5446,3891,190,5226,30,6009169.0,2025.0,906.2817,647.5105
Australia,AUS,High income,East Asia & Pacific,3678,2539,33,3643,2,27614411.0,2025.0,133.1913,91.9447
Japan,JPN,High income,East Asia & Pacific,3361,1779,574,2365,422,123366734.0,2025.0,27.244,14.4204
France,FRA,High income,Europe & Central Asia,2229,411,225,1725,279,68720337.0,2025.0,32.4358,5.9808
Germany,DEU,High income,Europe & Central Asia,2064,1042,335,1372,357,83491249.0,2025.0,24.7212,12.4803
Saudi Arabia,SAU,High income,"Middle East, North Africa, Afghanistan & Pakistan",1720,1487,59,843,818,36973555.0,2025.0,46.5197,40.2179
Switzerland,CHE,High income,Europe & Central Asia,1678,1296,86,1265,327,9092436.0,2025.0,184.549,142.5361
New Zealand,NZL,High income,East Asia & Pacific,1627,407,926,701,0,5324700.0,2025.0,305.5571,76.4362
Mexico,MEX,Upper middle income,Latin America & Caribbean ,1503,64,80,1423,0,131946900.0,2025.0,11.3909,0.485
Spain,ESP,High income,Europe & Central Asia,1098,316,126,694,278,49355143.0,2025.0,22.2469,6.4026
Norway,NOR,High income,Europe & Central Asia,956,357,32,745,179,5610870.0,2025.0,170.3836,63.6265
,,,,728,608,96,242,390,,,,
Italy,ITA,High income,Europe & Central Asia,699,323,172,509,18,58915656.0,2025.0,11.8644,5.4824
not provided,,,,585,583,0,585,0,,,,
Thailand,THA,Upper middle income,East Asia & Pacific,457,118,60,397,0,71619863.0,2025.0,6.3809,1.6476
Brazil,BRA,Upper middle income,Latin America & Caribbean ,354,279,56,293,5,212812405.0,2025.0,1.6634,1.311
Samoa,WSM,Upper middle income,East Asia & Pacific,345,24,0,345,0,219306.0,2025.0,1573.1444,109.4361
Slovenia,SVN,High income,Europe & Central Asia,339,338,15,324,0,2130986.0,2025.0,159.0813,158.612
Ghana,GHA,Lower middle income,Sub-Saharan Africa ,336,117,0,271,65,35064272.0,2025.0,9.5824,3.3367
Canada,CAN,High income,North America,308,220,27,281,0,41651653.0,2025.0,7.3947,5.2819
India,IND,Lower middle income,South Asia,304,186,74,221,9,1463865525.0,2025.0,0.2077,0.1271
Ireland,IRL,High income,Europe & Central Asia,290,116,130,122,38,5484367.0,2025.0,52.8776,21.151
Russian Federation,RUS,High income,Europe & Central Asia,280,129,40,120,120,143513328.0,2025.0,1.951,0.8989
Sweden,SWE,High income,Europe & Central Asia,278,123,3,192,83,10596620.0,2025.0,26.2348,11.6075
Tanzania,TZA,Lower middle income,Sub-Saharan Africa ,277,119,37,239,1,70545865.0,2025.0,3.9265,1.6868
"Korea, Rep.",KOR,High income,East Asia & Pacific,254,202,41,204,9,51684564.0,2025.0,4.9144,3.9083
Nigeria,NGA,Lower middle income,Sub-Saharan Africa ,211,108,54,151,6,237527782.0,2025.0,0.8883,0.4547
Czechia,CZE,High income,Europe & Central Asia,210,102,7,193,10,10886878.0,2025.0,19.2893,9.3691
Poland,POL,High income,Europe & Central Asia,210,52,3,201,6,36435861.0,2025.0,5.7636,1.4272
Taiwan,,,,201,193,20,181,0,,,,
South Africa,ZAF,Upper middle income,Sub-Saharan Africa ,200,60,60,136,4,64747319.0,2025.0,3.0889,0.9267
Belgium,BEL,High income,Europe & Central Asia,186,104,77,102,7,11941781.0,2025.0,15.5756,8.7089
Hungary,HUN,High income,Europe & Central Asia,185,83,39,53,93,9514251.0,2025.0,19.4445,8.7238
Portugal,PRT,High income,Europe & Central Asia,172,42,72,48,52,10804871.0,2025.0,15.9187,3.8871
not collected,,,,156,101,8,148,0,,,,
Algeria,DZA,Upper middle income,"Middle East, North Africa, Afghanistan & Pakistan",150,94,42,88,20,47435312.0,2025.0,3.1622,1.9816
Jersey,,,,148,0,0,32,116,,,,
Fiji,FJI,Upper middle income,East Asia & Pacific,131,124,0,131,0,933154.0,2025.0,140.3841,132.8827
"Gambia, The",GMB,Low income,Sub-Saharan Africa ,126,0,17,109,0,2822093.0,2025.0,44.6477,0.0
Malaysia,MYS,Upper middle income,East Asia & Pacific,120,105,4,116,0,35977838.0,2025.0,3.3354,2.9185
Chile,CHL,High income,Latin America & Caribbean ,120,114,0,120,0,19859921.0,2025.0,6.0423,5.7402
Sri Lanka,LKA,Upper middle income,South Asia,92,50,0,92,0,21756000.0,2025.0,4.2287,2.2982
Uganda,UGA,Low income,Sub-Saharan Africa ,87,4,1,86,0,51384894.0,2025.0,1.6931,0.0778
Colombia,COL,Upper middle income,Latin America & Caribbean ,87,1,0,87,0,53425635.0,2025.0,1.6284,0.0187
United Arab Emirates,ARE,High income,"Middle East, North Africa, Afghanistan & Pakistan",75,71,56,19,0,11513149.0,2025.0,6.5143,6.1669
"Egypt, Arab Rep.",EGY,Lower middle income,"Middle East, North Africa, Afghanistan & Pakistan",74,62,2,72,0,118365995.0,2025.0,0.6252,0.5238
Austria,AUT,High income,Europe & Central Asia,70,53,1,18,51,9208163.0,2025.0,7.602,5.7558
Finland,FIN,High income,Europe & Central Asia,66,47,40,15,11,5646436.0,2025.0,11.6888,8.3238
Kenya,KEN,Lower middle income,Sub-Saharan Africa ,65,2,49,16,0,57532493.0,2025.0,1.1298,0.0348
Kazakhstan,KAZ,Upper middle income,Europe & Central Asia,62,9,44,3,15,20843754.0,2025.0,2.9745,0.4318
Lebanon,LBN,Lower middle income,"Middle East, North Africa, Afghanistan & Pakistan",57,33,0,57,0,5849421.0,2025.0,9.7446,5.6416
Argentina,ARG,Upper middle income,Latin America & Caribbean ,55,33,29,24,2,45851378.0,2025.0,1.1995,0.7197
Paraguay,PRY,Upper middle income,Latin America & Caribbean ,53,28,0,53,0,7013078.0,2025.0,7.5573,3.9925
Malawi,MWI,Low income,Sub-Saharan Africa ,45,14,0,45,0,22216120.0,2025.0,2.0256,0.6302
Saint Kitts and Nevis,,,,43,43,0,43,0,,,,
Djibouti,DJI,Lower middle income,"Middle East, North Africa, Afghanistan & Pakistan",43,1,0,43,0,1184076.0,2025.0,36.3152,0.8445
Rwanda,RWA,Low income,Sub-Saharan Africa ,37,0,37,0,0,14569341.0,2025.0,2.5396,0.0
Sierra Leone,SLE,Low income,Sub-Saharan Africa ,37,6,0,37,0,8819794.0,2025.0,4.1951,0.6803
Greece,GRC,High income,Europe & Central Asia,35,1,34,1,0,10413962.0,2025.0,3.3609,0.096
Singapore,SGP,High income,East Asia & Pacific,35,35,0,35,0,6111175.0,2025.0,5.7272,5.7272
Benin,BEN,Lower middle income,Sub-Saharan Africa ,34,34,0,34,0,14814460.0,2025.0,2.2951,2.2951
Israel,ISR,High income,"Middle East, North Africa, Afghanistan & Pakistan",34,34,0,34,0,10122800.0,2025.0,3.3588,3.3588
Bangladesh,BGD,Lower middle income,South Asia,34,28,19,15,0,175686899.0,2025.0,0.1935,0.1594
Iceland,ISL,High income,Europe & Central Asia,33,33,0,33,0,392404.0,2025.0,84.097,84.097
Comoros,COM,Lower middle income,Sub-Saharan Africa ,32,0,0,0,32,882847.0,2025.0,36.2464,0.0
Pakistan,PAK,Lower middle income,"Middle East, North Africa, Afghanistan & Pakistan",29,18,5,24,0,255219554.0,2025.0,0.1136,0.0705
Nepal,NPL,Lower middle income,South Asia,27,8,5,0,22,29618118.0,2025.0,0.9116,0.2701
DR Congo,,,,26,13,0,26,0,,,,
Bulgaria,BGR,High income,Europe & Central Asia,19,7,3,16,0,6433302.0,2025.0,2.9534,1.0881
Serbia,SRB,Upper middle income,Europe & Central Asia,17,11,10,7,0,6549143.0,2025.0,2.5958,1.6796
Burkina Faso,BFA,Low income,Sub-Saharan Africa ,16,0,0,16,0,24074580.0,2025.0,0.6646,0.0
Turkiye,TUR,Upper middle income,Europe & Central Asia,16,2,7,9,0,85878556.0,2025.0,0.1863,0.0233
Ecuador,ECU,Upper middle income,Latin America & Caribbean ,15,0,15,0,0,18289896.0,2025.0,0.8201,0.0
Cyprus,CYP,High income,Europe & Central Asia,15,3,3,12,0,1370754.0,2025.0,10.9429,2.1886
Greenland,GRL,High income,Europe & Central Asia,14,0,0,14,0,56831.0,2025.0,246.3444,0.0
Not collected,,,,13,0,0,13,0,,,,
Hong Kong,,,,13,2,0,11,2,,,,
Gabon,GAB,Upper middle income,Sub-Saharan Africa ,13,4,0,13,0,2593130.0,2025.0,5.0132,1.5425
Iraq,IRQ,Upper middle income,"Middle East, North Africa, Afghanistan & Pakistan",13,10,4,9,0,47020774.0,2025.0,0.2765,0.2127
Czech republic,,,,12,12,0,12,0,,,,
Lithuania,LTU,High income,Europe & Central Asia,11,0,0,11,0,2888774.0,2025.0,3.8078,0.0
Ukraine,UKR,Upper middle income,Europe & Central Asia,10,1,0,9,1,38980376.0,2025.0,0.2565,0.0257
Sudan,SDN,Low income,Sub-Saharan Africa ,10,4,0,10,0,51662147.0,2025.0,0.1936,0.0774
Estonia,EST,High income,Europe & Central Asia,6,0,0,6,0,1366475.0,2025.0,4.3909,0.0
Philippines,PHL,Upper middle income,East Asia & Pacific,6,6,0,6,0,116786962.0,2025.0,0.0514,0.0514
Albania,ALB,Upper middle income,Europe & Central Asia,5,1,0,5,0,2349580.0,2025.0,2.128,0.4256
West Bank,,,,5,2,0,5,0,,,,
Republic of the Congo,,,,5,4,0,5,0,,,,
"Iran, Islamic Rep.",IRN,Upper middle income,"Middle East, North Africa, Afghanistan & Pakistan",5,1,0,5,0,92417681.0,2025.0,0.0541,0.0108
Kuwait,KWT,High income,"Middle East, North Africa, Afghanistan & Pakistan",4,3,0,4,0,4865298.0,2025.0,0.8221,0.6166
Trinidad and Tobago,TTO,High income,Latin America & Caribbean ,4,3,0,4,0,1367764.0,2025.0,2.9245,2.1934
Tunisia,TUN,Lower middle income,"Middle East, North Africa, Afghanistan & Pakistan",4,3,0,4,0,12348573.0,2025.0,0.3239,0.2429
Zambia,ZMB,Lower middle income,Sub-Saharan Africa ,4,1,0,4,0,21913874.0,2025.0,0.1825,0.0456
Mayotte,,,,3,0,0,3,0,,,,
Cuba,CUB,Upper middle income,Latin America & Caribbean ,3,3,0,3,0,10937203.0,2025.0,0.2743,0.2743
Croatia,HRV,High income,Europe & Central Asia,3,1,0,3,0,3876200.0,2025.0,0.774,0.258
