gene,source,source_pos,source_n,human_pos,human_n,odds_ratio_vs_human,ci95_low,ci95_high,fisher_p
mecA (methicillin),livestock,1322,4005,41575,65850,0.288,0.269,0.308,1.421565368834457e-306
mecA (methicillin),companion_animal,439,930,41575,65850,0.522,0.459,0.594,1.2231482200786889e-22
mecA (methicillin),food,595,1815,41575,65850,0.285,0.258,0.314,6.166990644777994e-147
mecA (methicillin),environment,298,433,41575,65850,1.289,1.051,1.58,0.014301265296164205
mecC (methicillin),livestock,17,4005,130,65850,2.155,1.299,3.576,0.006346788338029571
mecC (methicillin),companion_animal,1,930,130,65850,0.544,0.076,3.897,1.0
mecC (methicillin),food,0,1815,130,65850,0.139,0.009,2.23,0.05339415939099726
mecC (methicillin),environment,0,433,130,65850,0.581,0.036,9.351,1.0
blaZ (penicillinase),livestock,2069,4005,48532,65850,0.381,0.358,0.407,2.7069503635819264e-182
blaZ (penicillinase),companion_animal,689,930,48532,65850,1.02,0.88,1.183,0.821969301006368
blaZ (penicillinase),food,1048,1815,48532,65850,0.488,0.443,0.536,2.0045077111890932e-47
blaZ (penicillinase),environment,308,433,48532,65850,0.879,0.714,1.083,0.22856178235681457
tet(K),livestock,730,4005,8237,65850,1.559,1.434,1.695,1.3391030487002374e-23
tet(K),companion_animal,36,930,8237,65850,0.282,0.202,0.393,1.4847560646878398e-19
tet(K),food,452,1815,8237,65850,2.319,2.08,2.586,2.7607563870598395e-45
tet(K),environment,49,433,8237,65850,0.893,0.662,1.203,0.5115785092017405
tet(M),livestock,788,4005,5110,65850,2.912,2.68,3.163,1.2101727068847805e-117
tet(M),companion_animal,274,930,5110,65850,4.965,4.3,5.733,1.1505164769555088e-82
tet(M),food,272,1815,5110,65850,2.095,1.836,2.391,3.0622619726774974e-24
tet(M),environment,120,433,5110,65850,4.557,3.685,5.635,7.549187410310347e-35
tet(L),livestock,721,4005,669,65850,21.391,19.145,23.9,0.0
tet(L),companion_animal,47,930,669,65850,5.186,3.83,7.022,3.568040111972522e-18
tet(L),food,42,1815,669,65850,2.308,1.684,3.164,3.1041559274865334e-06
tet(L),environment,52,433,669,65850,13.298,9.855,17.943,1.7502857652237524e-37
any acquired tetracycline [tet(K/L/M/O)],livestock,1516,4005,11788,65850,2.793,2.613,2.987,5.637293336468772e-181
any acquired tetracycline [tet(K/L/M/O)],companion_animal,322,930,11788,65850,2.429,2.119,2.784,1.5951215210557374e-33
any acquired tetracycline [tet(K/L/M/O)],food,566,1815,11788,65850,2.078,1.878,2.3,2.3052065975939024e-41
any acquired tetracycline [tet(K/L/M/O)],environment,193,433,11788,65850,3.688,3.048,4.462,3.4345988882915316e-37
erm(A),livestock,120,4005,10382,65850,0.165,0.137,0.198,2.980027012261169e-147
erm(A),companion_animal,219,930,10382,65850,1.646,1.412,1.918,8.906042157499201e-10
erm(A),food,30,1815,10382,65850,0.09,0.063,0.129,9.841925139213902e-91
erm(A),environment,115,433,10382,65850,1.932,1.559,2.394,1.010939986030825e-08
erm(B),livestock,213,4005,1857,65850,1.936,1.674,2.239,1.692550860368876e-16
erm(B),companion_animal,3,930,1857,65850,0.112,0.036,0.347,2.874242208582242e-08
erm(B),food,238,1815,1857,65850,5.201,4.504,6.006,2.231715875195676e-80
erm(B),environment,28,433,1857,65850,2.382,1.62,3.504,6.35683818841787e-05
erm(C),livestock,877,4005,9222,65850,1.722,1.592,1.861,7.462451338737799e-39
erm(C),companion_animal,67,930,9222,65850,0.477,0.371,0.612,1.6797445027745823e-10
erm(C),food,208,1815,9222,65850,0.795,0.687,0.92,0.001758213669786456
erm(C),environment,69,433,9222,65850,1.164,0.899,1.507,0.26605765622226063
any MLSb [erm(*)],livestock,1209,4005,22340,65850,0.842,0.786,0.903,1.0045291774214128e-06
any MLSb [erm(*)],companion_animal,362,930,22340,65850,1.241,1.087,1.418,0.001690593269334842
any MLSb [erm(*)],food,472,1815,22340,65850,0.684,0.616,0.761,7.806942204685178e-13
any MLSb [erm(*)],environment,217,433,22340,65850,1.957,1.62,2.364,5.848248549377299e-12
msr(A),livestock,40,4005,12787,65850,0.042,0.031,0.057,9.622606688541297e-294
msr(A),companion_animal,34,930,12787,65850,0.157,0.112,0.222,6.463920094264045e-46
msr(A),food,55,1815,12787,65850,0.13,0.099,0.17,4.868183263483326e-97
msr(A),environment,31,433,12787,65850,0.32,0.222,0.461,1.1175690839610377e-12
mph(C),livestock,28,4005,12386,65850,0.03,0.021,0.044,2.373689353117744e-298
mph(C),companion_animal,25,930,12386,65850,0.119,0.08,0.178,4.3111362509831693e-51
mph(C),food,28,1815,12386,65850,0.068,0.047,0.098,8.092934727165112e-119
mph(C),environment,30,433,12386,65850,0.321,0.222,0.466,3.5068791790962113e-12
aac(6')-Ie/aph(2'')-Ia (gentamicin),livestock,771,4005,7406,65850,1.881,1.733,2.043,4.596147757627953e-46
aac(6')-Ie/aph(2'')-Ia (gentamicin),companion_animal,322,930,7406,65850,4.179,3.643,4.794,3.679293344873393e-77
aac(6')-Ie/aph(2'')-Ia (gentamicin),food,210,1815,7406,65850,1.033,0.892,1.195,0.6515840215883897
aac(6')-Ie/aph(2'')-Ia (gentamicin),environment,153,433,7406,65850,4.312,3.536,5.259,3.250877477279389e-39
any aminoglycoside [aac/ant/aph],livestock,1156,4005,28067,65850,0.546,0.509,0.586,2.3368800722179733e-68
any aminoglycoside [aac/ant/aph],companion_animal,489,930,28067,65850,1.493,1.311,1.699,1.3881256439331905e-09
any aminoglycoside [aac/ant/aph],food,441,1815,28067,65850,0.432,0.388,0.482,3.1540795710839953e-58
any aminoglycoside [aac/ant/aph],environment,244,433,28067,65850,1.738,1.436,2.103,1.2896762196090675e-08
dfrG (trimethoprim),livestock,867,4005,5654,65850,2.942,2.715,3.187,8.363790771537947e-130
dfrG (trimethoprim),companion_animal,36,930,5654,65850,0.429,0.307,0.599,2.18031598729269e-08
dfrG (trimethoprim),food,323,1815,5654,65850,2.305,2.037,2.607,2.7185749101962916e-34
dfrG (trimethoprim),environment,74,433,5654,65850,2.195,1.706,2.823,1.5367610618372125e-08
dfrS1 (trimethoprim),livestock,40,4005,3363,65850,0.187,0.137,0.256,1.833832186036366e-44
dfrS1 (trimethoprim),companion_animal,98,930,3363,65850,2.189,1.77,2.706,4.3432513842174e-11
dfrS1 (trimethoprim),food,15,1815,3363,65850,0.155,0.093,0.258,1.7031454142980238e-23
dfrS1 (trimethoprim),environment,23,433,3363,65850,1.042,0.684,1.589,0.826285931017065
any trimethoprim [dfr*],livestock,1170,4005,12567,65850,1.75,1.63,1.878,1.9415024275312356e-50
any trimethoprim [dfr*],companion_animal,211,930,12567,65850,1.244,1.066,1.452,0.006339058215019918
any trimethoprim [dfr*],food,489,1815,12567,65850,1.564,1.407,1.738,1.0367605029007167e-15
any trimethoprim [dfr*],environment,125,433,12567,65850,1.721,1.397,2.12,1.0964147207597289e-06
fusB (fusidic acid),livestock,17,4005,1051,65850,0.263,0.163,0.425,1.1785983829201189e-11
fusB (fusidic acid),companion_animal,5,930,1051,65850,0.333,0.138,0.804,0.007350756290008378
fusB (fusidic acid),food,8,1815,1051,65850,0.273,0.136,0.548,8.41324816187638e-06
fusB (fusidic acid),environment,0,433,1051,65850,0.071,0.004,1.139,0.0016271786145074735
fusC (fusidic acid),livestock,21,4005,2786,65850,0.119,0.078,0.184,1.8029558548032776e-46
fusC (fusidic acid),companion_animal,4,930,2786,65850,0.098,0.037,0.261,1.1776174257439374e-12
fusC (fusidic acid),food,9,1815,2786,65850,0.113,0.059,0.217,1.952545174564617e-22
fusC (fusidic acid),environment,3,433,2786,65850,0.158,0.051,0.492,1.9162163354154646e-05
gyrA/parC QRDR mutation (fluoroquinolone),livestock,1053,4005,23481,65850,0.644,0.599,0.692,7.932750810657769e-35
gyrA/parC QRDR mutation (fluoroquinolone),companion_animal,389,930,23481,65850,1.297,1.138,1.479,0.00011260099806075767
gyrA/parC QRDR mutation (fluoroquinolone),food,274,1815,23481,65850,0.321,0.282,0.365,2.6278472061046446e-83
gyrA/parC QRDR mutation (fluoroquinolone),environment,230,433,23481,65850,2.044,1.692,2.471,1.7116509094422483e-13
PVL [lukS-PV/lukF-PV],livestock,64,4005,15050,65850,0.055,0.043,0.07,0.0
PVL [lukS-PV/lukF-PV],companion_animal,25,930,15050,65850,0.093,0.063,0.139,6.578619120228757e-69
PVL [lukS-PV/lukF-PV],food,124,1815,15050,65850,0.248,0.206,0.297,9.884009503913893e-74
PVL [lukS-PV/lukF-PV],environment,41,433,15050,65850,0.353,0.256,0.487,5.36993585983848e-13
scn (IEC / staph. complement inhibitor),livestock,569,4005,57633,65850,0.024,0.022,0.026,0.0
scn (IEC / staph. complement inhibitor),companion_animal,598,930,57633,65850,0.257,0.224,0.294,2.9091766050405345e-72
scn (IEC / staph. complement inhibitor),food,810,1815,57633,65850,0.115,0.104,0.126,0.0
scn (IEC / staph. complement inhibitor),environment,310,433,57633,65850,0.359,0.291,0.443,1.5248876760701437e-18
sak (IEC / staphylokinase),livestock,508,4005,52367,65850,0.037,0.034,0.041,0.0
sak (IEC / staphylokinase),companion_animal,474,930,52367,65850,0.268,0.235,0.305,4.591126599405731e-82
sak (IEC / staphylokinase),food,691,1815,52367,65850,0.158,0.144,0.174,1.4981830254538e-310
sak (IEC / staphylokinase),environment,274,433,52367,65850,0.444,0.365,0.54,8.76971728557754e-15
tst (TSST-1),livestock,194,4005,5619,65850,0.546,0.471,0.632,1.958433246856907e-18
tst (TSST-1),companion_animal,143,930,5619,65850,1.948,1.626,2.332,1.8138726856441444e-11
tst (TSST-1),food,146,1815,5619,65850,0.938,0.79,1.113,0.49524677263760314
tst (TSST-1),environment,44,433,5619,65850,1.212,0.887,1.658,0.22682925979470353
sea (enterotoxin A),livestock,81,4005,8101,65850,0.147,0.118,0.184,4.4690794384940926e-122
sea (enterotoxin A),companion_animal,137,930,8101,65850,1.232,1.026,1.479,0.027142098936433594
sea (enterotoxin A),food,198,1815,8101,65850,0.873,0.752,1.014,0.07552657511669202
sea (enterotoxin A),environment,80,433,8101,65850,1.616,1.266,2.062,0.00023031180979728443
seb (enterotoxin B),livestock,89,4005,5243,65850,0.263,0.213,0.325,6.6692448383244625e-53
seb (enterotoxin B),companion_animal,88,930,5243,65850,1.208,0.968,1.508,0.0996403076993978
seb (enterotoxin B),food,208,1815,5243,65850,1.496,1.291,1.733,2.8814061831306635e-07
seb (enterotoxin B),environment,96,433,5243,65850,3.293,2.62,4.138,6.846703281896594e-20
sec (enterotoxin C),livestock,181,4005,5967,65850,0.475,0.408,0.553,1.098267651303981e-26
sec (enterotoxin C),companion_animal,136,930,5967,65850,1.719,1.43,2.066,5.821927037207503e-08
sec (enterotoxin C),food,207,1815,5967,65850,1.292,1.115,1.497,0.0009329838615145202
sec (enterotoxin C),environment,66,433,5967,65850,1.805,1.387,2.349,3.487984994849322e-05
sed (enterotoxin D),livestock,39,4005,4841,65850,0.124,0.09,0.17,6.275284459155978e-79
sed (enterotoxin D),companion_animal,19,930,4841,65850,0.263,0.167,0.414,1.2951029771095829e-12
sed (enterotoxin D),food,68,1815,4841,65850,0.491,0.384,0.626,2.648936062950403e-10
sed (enterotoxin D),environment,7,433,4841,65850,0.207,0.098,0.437,1.3172400476093902e-07
see (enterotoxin E),livestock,0,4005,7,65850,1.096,0.063,19.192,1.0
see (enterotoxin E),companion_animal,0,930,7,65850,4.717,0.269,82.662,1.0
see (enterotoxin E),food,0,1815,7,65850,2.418,0.138,42.352,1.0
see (enterotoxin E),environment,0,433,7,65850,10.126,0.577,177.579,1.0
eta (exfoliative toxin A),livestock,6,4005,1444,65850,0.067,0.03,0.149,4.854275766660045e-29
eta (exfoliative toxin A),companion_animal,8,930,1444,65850,0.387,0.193,0.778,0.0030327680075021915
eta (exfoliative toxin A),food,12,1815,1444,65850,0.297,0.168,0.525,4.421786379047507e-07
eta (exfoliative toxin A),environment,2,433,1444,65850,0.207,0.052,0.831,0.007511269813300565
etb (exfoliative toxin B),livestock,1,4005,618,65850,0.026,0.004,0.187,9.882720964761063e-15
etb (exfoliative toxin B),companion_animal,1,930,618,65850,0.114,0.016,0.809,0.002916902467161501
etb (exfoliative toxin B),food,0,1815,618,65850,0.029,0.002,0.465,1.0526393813534697e-07
etb (exfoliative toxin B),environment,0,433,618,65850,0.122,0.008,1.95,0.038613649633004905
cna (collagen adhesin),livestock,925,4005,8549,65850,2.013,1.864,2.174,8.204076973132392e-64
cna (collagen adhesin),companion_animal,128,930,8549,65850,1.07,0.886,1.291,0.49160560507081486
cna (collagen adhesin),food,228,1815,8549,65850,0.963,0.837,1.108,0.6201621210199741
cna (collagen adhesin),environment,25,433,8549,65850,0.411,0.274,0.615,1.2525213573178692e-06
