iso3,records,income_group,country,non_human_records,population,gdp_pc_usd,health_exp_pc_usd,physicians_per_1k,hosp_beds_per_1k,records_per_million,log_pop
USA,25672,High income,United States,591,336755052,82586.7847707894,13473.19335938,3.681,2.68,76.233,19.634866375369388
GBR,9955,High income,United Kingdom,39,68526000,49919.6896621586,5407.17041016,3.301,2.42,145.273,18.042723793260798
CHN,8684,Upper middle income,China,2188,1410710000,12951.1782397043,763.37762451,3.112,5.63,6.156,21.067358960698986
NLD,7259,High income,Netherlands,176,17877117,63515.6030780019,6371.85595703,3.876,2.42,406.05,16.699032073098078
DNK,5446,High income,Denmark,190,5946952,68043.5466971243,6510.625,4.498,2.43,915.763,15.598389377359705
AUS,3678,High income,Australia,33,26659922,65058.3773146674,6980.38525391,4.086,3.82,137.96,17.098671946979124
JPN,3361,High income,Japan,574,124516650,35215.003535366,3638.19287109,2.649,12.59,26.992,18.639949999867074
FRA,2229,High income,France,225,68372286,44700.1384177544,5149.0546875,3.281,5.65,32.601,18.040478125048434
DEU,2064,High income,Germany,335,83287273,54776.7668235491,6394.62255859,4.534,7.55,24.782,18.23780631035019
SAU,1720,High income,Saudi Arabia,59,33702731,36156.8562500172,1825.2545166,3.406,2.41,51.034,17.33308943061481
CHE,1678,High income,Switzerland,86,8888822,104449.75451772,11783.66992188,4.477,4.38,188.776,16.000305090273624
NZL,1627,High income,New Zealand,926,5200000,49302.341876493,4997.24316406,3.611,2.51,312.885,15.464169183551656
MEX,1503,Upper middle income,Mexico,80,129739759,13830.843848864,760.98840332,2.588,1.01,11.585,18.681041148186182
ESP,1098,High income,Spain,126,48352528,33493.2225409111,3106.62011719,4.294,2.91,22.708,17.694029063915565
NOR,956,High income,Norway,32,5519601,90984.4087141111,8296.35546875,4.975,3.3,173.201,15.523816133032069
ITA,699,High income,Italy,172,58984216,39279.699782164,3283.47216797,4.191,3.06,11.851,17.892780440654956
THA,457,Upper middle income,Thailand,60,71702435,7210.54130832685,326.50482178,0.541,2.39,6.374,18.088035265941585
BRA,354,Upper middle income,Brazil,56,211140729,10377.5892792557,1009.83563232,2.357,2.52,1.677,19.168035431205283
WSM,345,Upper middle income,Samoa,0,216663,4822.74084650019,292.81085205,0.561,,1592.335,12.286098429983591
SVN,339,High income,Slovenia,15,2120461,32660.4753581346,3037.7644043,3.367,4.11,159.871,14.567144075838945
GHA,336,Lower middle income,Ghana,0,33787914,2383.90410476221,70.25730896,0.266,0.69,9.944,17.335613722543936
CAN,308,High income,Canada,27,40049088,54847.5370112652,6186.65234375,2.819,2.54,7.691,17.505616459683786
IND,304,Lower middle income,India,74,1438069596,2434.44826340989,84.68669891,0.723,1.59,0.211,21.08656749284882
IRL,290,High income,Ireland,130,5311538,106818.917130804,6877.9375,3.875,2.96,54.598,15.485391993464479
RUS,280,High income,Russian Federation,40,143826130,13986.9951171875,1003.33166504,5.111,6.81,1.947,18.78411569745315
SWE,278,High income,Sweden,3,10536632,54950.2834725622,6206.23046875,4.408,1.9,26.384,16.170368505420207
TZA,277,Lower middle income,Tanzania,37,66617606,1224.00219726563,36.25619888,0.134,0.84,4.158,18.014479454929518
KOR,254,High income,"Korea, Rep.",41,51712619,35674.095995632,3043.87329102,2.61,12.81,4.912,17.76121239093359
NGA,211,Lower middle income,Nigeria,54,227882945,2138.76383718757,66.82009125,0.38,,0.926,19.244342655961454
POL,210,High income,Poland,3,36687353,22145.2660647429,1577.98168945,4.031,6.04,5.724,17.417942648730254
CZE,210,High income,Czechia,7,10864042,31761.5944102491,2671.08398438,4.352,6.54,19.33,16.20096899475252
ZAF,200,Upper middle income,South Africa,60,63212384,6034.27208964673,536.58843994,0.794,,3.164,17.962010789288605
BEL,186,High income,Belgium,77,11779946,55244.68145811,5931.01464844,3.574,5.42,15.79,16.28190915213646
HUN,185,High income,Hungary,39,9592186,22208.6509820466,1419.87475586,3.456,6.63,19.287,16.07645936666078
PRT,172,High income,Portugal,72,10578174,27634.6183139773,2762.26293945,5.851,3.48,16.26,16.174303379707034
DZA,150,Upper middle income,Algeria,42,46164219,5370.477235078,233.37947083,1.66,1.61,3.249,17.647715575467508
FJI,131,Upper middle income,Fiji,0,924145,5926.20586394763,212.88697815,0.813,1.89,141.753,13.736624264719087
GMB,126,Low income,"Gambia, The",17,2697845,883.024111978927,25.74407768,0.09,1.11,46.704,14.80796386413659
CHL,120,High income,Chile,0,19658835,17081.5180740049,1736.52038574,3.334,1.94,6.104,16.794037413552125
MYS,120,Upper middle income,Malaysia,4,35126298,11386.0395636528,450.33853149,2.341,1.96,3.416,17.374460638672065
LKA,92,Upper middle income,Sri Lanka,0,22037000,3815.41531767474,134.23654175,1.136,3.93,4.175,16.908233416831894
UGA,87,Low income,Uganda,1,48656601,1002.30913917142,45.21318436,0.191,,1.788,17.700298040845357
COL,87,Upper middle income,Colombia,0,52321152,7012.49169137756,571.15496826,2.535,1.7,1.663,17.77291128321944
ARE,75,High income,United Arab Emirates,56,10483751,49850.6945082084,2401.52026367,2.992,1.87,7.154,16.16533709266647
EGY,74,Lower middle income,"Egypt, Arab Rep.",2,114535772,3456.78965212363,141.41111755,0.671,1.06,0.646,18.556397751379823
AUT,70,High income,Austria,1,9131761,56579.504175468,6267.93164063,5.515,6.7,7.666,16.02726911458544
FIN,66,High income,Finland,40,5583911,52864.6931581216,5515.40478516,3.609,2.61,11.82,15.535399984901913
KEN,65,Lower middle income,Kenya,49,55339003,1942.58802756191,84.958992,0.289,1.33,1.175,17.828988516259066
KAZ,62,Upper middle income,Kazakhstan,44,20330104,12879.4275257974,489.71456909,3.754,6.54,3.05,16.827613301184165
LBN,57,Lower middle income,Lebanon,0,5773493,3477.72489842684,260.8119812,2.68,2.73,9.873,15.568787827937182
ARG,55,Upper middle income,Argentina,29,45538401,14261.8465667948,1456.98596191,5.106,3.36,1.208,17.634066505993967
PRY,53,Upper middle income,Paraguay,0,6844146,6303.26495017292,526.5098877,3.893,1.04,7.744,15.738904246320747
MWI,45,Low income,Malawi,0,21104482,633.214767978695,41.26664734,0.054,,2.132,16.864995992950597
DJI,43,Lower middle income,Djibouti,0,1152944,3381.29779710722,77.57087708,0.211,1.4,37.296,13.957829229121122
RWA,37,Low income,Rwanda,37,13954471,1061.05788154076,52.65630722,0.09,0.75,2.651,16.451310516674035
SLE,37,Low income,Sierra Leone,0,8460512,758.329137301888,35.76205063,0.134,,4.373,15.950920249845701
GRC,35,High income,Greece,34,10407351,23343.7103964562,1962.59594727,6.576,4.27,3.363,16.15802294135018
SGP,35,High income,Singapore,0,5917648,86382.5900499252,3921.60253906,2.834,2.81,5.915,15.59344963061941
BGD,34,Lower middle income,Bangladesh,19,171466990,2551.01773827307,53.46432495,0.722,0.92,0.198,18.959901327909865
ISR,34,High income,Israel,0,9849000,52126.4489280033,3927.69873047,3.797,3.14,3.452,16.10288048515184
BEN,34,Lower middle income,Benin,0,14111034,1394.17784721831,46.52822113,0.216,0.43,2.409,16.462467602504788
ISL,33,High income,Iceland,0,385663,82201.2908518078,7064.62402344,4.373,2.83,85.567,12.862719210115923
COM,32,Lower middle income,Comoros,0,850387,1723.89474946474,102.23101807,0.424,,37.63,13.653446818969229
PAK,29,Lower middle income,Pakistan,5,247504495,1360.32417758419,30.48608398,1.16,0.63,0.117,19.32693930142426
NPL,27,Lower middle income,Nepal,5,29694614,1382.38300895424,83.96018982,1.011,0.54,0.909,17.20647624052626
BGR,19,High income,Bulgaria,3,6446596,15854.0192893772,1257.87597656,4.328,8.2,2.947,15.679062797523901
SRB,17,Upper middle income,Serbia,10,6623183,12281.707946167,983.69372559,3.099,5.78,2.567,15.706086628068325
BFA,16,Low income,Burkina Faso,0,23025776,873.198061670247,71.73455048,0.148,0.2,0.695,16.952124842035015
TUR,16,Upper middle income,Turkiye,7,85325965,13375.0947282864,547.8145752,2.236,3.05,0.188,18.261989362391304
CYP,15,High income,Cyprus,3,1344976,36623.70703125,2899.36499023,3.556,2.15,11.153,14.111886726992703
ECU,15,Upper middle income,Ecuador,15,17980083,6718.1447938811,509.49414063,2.313,1.32,0.834,16.70477520323736
GRL,14,High income,Greenland,0,56865,58498.9707973609,,,,246.197,10.948435316618545
GAB,13,Upper middle income,Gabon,0,2484789,7802.82433276138,252.98246765,0.521,,5.232,14.725698304451114
IRQ,13,Upper middle income,Iraq,4,45074049,5965.31835077761,333.29360962,1.022,1.06,0.288,17.62381722866137
LTU,11,High income,Lithuania,0,2871585,27983.3658256887,2044.18371582,4.466,5.71,3.831,14.87037470010208
SDN,10,Low income,Sudan,0,50042791,797.283447265625,21.0830822,0.25,0.66,0.2,17.728389017387293
UKR,10,Upper middle income,Ukraine,0,37732836,5139.59814453125,369.90487671,3.531,6.14,0.265,17.446041254766374
PHL,6,Upper middle income,Philippines,0,114891199,3804.08274131718,194.05484009,0.792,0.97,0.052,18.559496142844377
EST,6,High income,Estonia,0,1370286,30264.0064885057,2258.4597168,3.469,4.13,4.379,14.130530035141241
ALB,5,Upper middle income,Albania,0,2411658,9740.7023414631,590.62799072,1.879,2.9,2.073,14.695825035731136
IRN,5,Upper middle income,"Iran, Islamic Rep.",0,90608707,5049.29931642754,267.059021,1.811,1.85,0.055,18.3220608701483
ZMB,4,Lower middle income,Zambia,0,20723965,1330.72780576709,79.55635071,0.324,,0.193,16.846801318052236
TUN,4,Lower middle income,Tunisia,0,12200431,3951.11683376921,317.70983887,1.315,1.82,0.328,16.316981836948322
KWT,4,High income,Kuwait,0,4853420,34091.9714813002,1679.12353516,2.273,2.33,0.824,15.395194169048125
TTO,4,High income,Trinidad and Tobago,0,1367510,18308.4536298575,1276.33862305,4.157,2.37,2.925,14.128502125865795
HRV,3,High income,Croatia,0,3859686,22183.4982258492,1548.33959961,3.909,5.6,0.777,15.166096390981895
MOZ,3,Low income,Mozambique,0,33635160,622.191133245967,52.96166611,0.175,0.74,0.089,17.331082506380135
CUB,3,Upper middle income,Cuba,0,11019931,9605.27914559614,1199.35327148,9.542,4.33,0.272,16.215216100326426
CMR,2,Lower middle income,Cameroon,0,28372687,1720.47510154506,79.09996796,0.136,2.65,0.07,17.160937515024777
ROU,2,High income,Romania,0,19061062,18244.4186876321,1050.99755859,3.625,7.23,0.105,16.763158173420887
MAR,2,Lower middle income,Morocco,1,37712505,3813.72607421875,232.24751282,0.74,0.73,0.053,17.44550229503148
JOR,2,Upper middle income,Jordan,0,11439213,4906.23543006639,342.10394287,2.851,1.41,0.175,16.252557747843237
MDA,2,Upper middle income,Moldova,2,2457783,6799.58594644576,451.73007202,4.016,5.54,0.814,14.714770282053891
DOM,1,Upper middle income,Dominican Republic,1,11331265,10630.431743829,488.8727417,2.426,0.75,0.088,16.243076277257174
BLR,1,Upper middle income,Belarus,0,9178298,7896.75388295584,558.22644043,4.717,9.77,0.109,16.032352342357296
IDN,1,Upper middle income,Indonesia,0,281190067,4876.2992959843,131.77729797,0.524,1.37,0.004,19.454541393663803
SYR,1,Low income,Syrian Arab Republic,1,23594623,1056.78264718197,33.34017944,1.521,1.43,0.042,16.976529405053544
