gene,human_or_clinical,human_or_clinical_pos_n,livestock,livestock_pos_n,companion_animal,companion_animal_pos_n,food,food_pos_n,environment,environment_pos_n,chi2,dof,p_value,q_value_bh,min_expected_count,significant_q<0.05
mecA (methicillin),63.1 (62.77-63.5),41575/65850,33.0 (31.57-34.48),1322/4005,47.2 (44.01-50.42),439/930,32.8 (30.66-34.98),595/1815,68.8 (64.31-73.0),298/433,2123.909,4,0.0,0.0,170.77,True
tet(L),1.0 (0.94-1.1),669/65850,18.0 (16.84-19.22),721/4005,5.0 (3.82-6.66),47/930,2.3 (1.72-3.11),42/1815,12.0 (9.28-15.41),52/433,5559.049,4,0.0,0.0,9.08,True
PVL [lukS-PV/lukF-PV],22.9 (22.54-23.18),15050/65850,1.6 (1.25-2.04),64/4005,2.7 (1.83-3.94),25/930,6.8 (5.76-8.09),124/1815,9.5 (7.06-12.59),41/433,1489.888,4,0.0,0.0,90.73,True
sak (IEC / staphylokinase),79.5 (79.21-79.83),52367/65850,12.7 (11.69-13.75),508/4005,51.0 (47.76-54.17),474/930,38.1 (35.87-40.33),691/1815,63.3 (58.64-67.68),274/433,10462.613,4,0.0,0.0,110.98,True
scn (IEC / staph. complement inhibitor),87.5 (87.27-87.77),57633/65850,14.2 (13.16-15.32),569/4005,64.3 (61.17-67.32),598/930,44.6 (42.35-46.92),810/1815,71.6 (67.17-75.64),310/433,15808.094,4,0.0,0.0,77.74,True
tet(M),7.8 (7.56-7.97),5110/65850,19.7 (18.47-20.94),788/4005,29.5 (26.62-32.47),274/930,15.0 (13.42-16.7),272/1815,27.7 (23.71-32.11),120/433,1422.669,4,8.39637268692033e-307,4.618004977806182e-306,38.92,True
any acquired tetracycline [tet(K/L/M/O)],17.9 (17.61-18.2),11788/65850,37.9 (36.36-39.37),1516/4005,34.6 (31.63-37.74),322/930,31.2 (29.1-33.35),566/1815,44.6 (39.96-49.28),193/433,1420.727,4,2.2139402185579007e-306,1.0437146744630104e-305,85.29,True
mph(C),18.8 (18.51-19.11),12386/65850,0.7 (0.48-1.01),28/4005,2.7 (1.83-3.94),25/930,1.5 (1.07-2.22),28/1815,6.9 (4.9-9.72),30/433,1372.697,4,5.752590765916417e-296,2.3729436909405218e-295,74.09,True
msr(A),19.4 (19.12-19.72),12787/65850,1.0 (0.73-1.36),40/4005,3.7 (2.63-5.07),34/930,3.0 (2.34-3.92),55/1815,7.2 (5.09-9.98),31/433,1325.777,4,8.577902792049222e-286,3.145231023751382e-285,76.76,True
blaZ (penicillinase),73.7 (73.36-74.04),48532/65850,51.7 (50.11-53.21),2069/4005,74.1 (71.17-76.8),689/930,57.7 (55.45-59.99),1048/1815,71.1 (66.69-75.2),308/433,1103.356,4,1.4183907851039494e-237,4.6806895908430324e-237,120.87,True
dfrG (trimethoprim),8.6 (8.37-8.8),5654/65850,21.6 (20.4-22.95),867/4005,3.9 (2.81-5.31),36/930,17.8 (16.11-19.62),323/1815,17.1 (13.84-20.92),74/433,957.987,4,4.5402833160614147e-206,1.3620849948184246e-205,41.23,True
aac(6')-Ie/aph(2'')-Ia (gentamicin),11.2 (11.01-11.49),7406/65850,19.2 (18.06-20.5),771/4005,34.6 (31.63-37.74),322/930,11.6 (10.18-13.12),210/1815,35.3 (30.98-39.95),153/433,899.21,4,2.470637537772769e-193,6.794253228875115e-193,52.54,True
erm(A),15.8 (15.49-16.05),10382/65850,3.0 (2.51-3.57),120/4005,23.6 (20.93-26.38),219/930,1.6 (1.16-2.35),30/1815,26.6 (22.62-30.91),115/433,839.975,4,1.683101295279562e-180,4.2724879034019654e-180,64.42,True
erm(B),2.8 (2.7-2.95),1857/65850,5.3 (4.67-6.06),213/4005,0.3 (0.11-0.94),3/930,13.1 (11.64-14.74),238/1815,6.5 (4.51-9.19),28/433,703.695,4,5.5224007457817686e-151,1.301708747219988e-150,13.87,True
any aminoglycoside [aac/ant/aph],42.6 (42.25-43.0),28067/65850,28.9 (27.48-30.29),1156/4005,52.6 (49.37-55.77),489/930,24.3 (22.38-26.32),441/1815,56.4 (51.64-60.95),244/433,604.247,4,1.866924253331777e-129,4.1072333573299086e-129,180.22,True
gyrA/parC QRDR mutation (fluoroquinolone),35.7 (35.29-36.02),23481/65850,26.3 (24.95-27.68),1053/4005,41.8 (38.7-45.03),389/930,15.1 (13.52-16.82),274/1815,53.1 (48.41-57.77),230/433,543.859,4,2.1808475696959433e-116,4.497998112497882e-116,150.75,True
sea (enterotoxin A),12.3 (12.05-12.56),8101/65850,2.0 (1.63-2.51),81/4005,14.7 (12.6-17.15),137/930,10.9 (9.56-12.43),198/1815,18.5 (15.1-22.4),80/433,412.252,4,6.263344861581565e-88,1.2158257672481863e-87,50.97,True
tet(K),12.5 (12.26-12.76),8237/65850,18.2 (17.06-19.45),730/4005,3.9 (2.81-5.31),36/930,24.9 (22.97-26.94),452/1815,11.3 (8.67-14.65),49/433,407.445,4,6.848725346331225e-87,1.2555996468273911e-86,56.35,True
cna (collagen adhesin),13.0 (12.73-13.24),8549/65850,23.1 (21.82-24.43),925/4005,13.8 (11.7-16.13),128/930,12.6 (11.12-14.17),228/1815,5.8 (3.94-8.38),25/433,354.614,4,1.7685808565717981e-75,3.07174569825628e-75,58.43,True
seb (enterotoxin B),8.0 (7.76-8.17),5243/65850,2.2 (1.81-2.73),89/4005,9.5 (7.74-11.51),88/930,11.5 (10.08-13.01),208/1815,22.2 (18.51-26.32),96/433,335.77,4,2.0705262063244558e-71,3.4163682404353512e-71,33.94,True
any trimethoprim [dfr*],19.1 (18.79-19.39),12567/65850,29.2 (27.83-30.64),1170/4005,22.7 (20.11-25.49),211/930,26.9 (24.95-29.03),489/1815,28.9 (24.8-33.31),125/433,327.732,4,1.124755522583227e-69,1.7674729640593568e-69,86.34,True
sed (enterotoxin D),7.3 (7.15-7.55),4841/65850,1.0 (0.71-1.33),39/4005,2.0 (1.31-3.17),19/930,3.8 (2.97-4.72),68/1815,1.6 (0.79-3.3),7/433,323.903,4,7.540844695451235e-69,1.1311267043176854e-68,29.49,True
dfrS1 (trimethoprim),5.1 (4.94-5.28),3363/65850,1.0 (0.73-1.36),40/4005,10.5 (8.72-12.68),98/930,0.8 (0.5-1.36),15/1815,5.3 (3.57-7.84),23/433,267.435,4,1.1392315986301454e-56,1.634549684991078e-56,20.98,True
erm(C),14.0 (13.74-14.27),9222/65850,21.9 (20.64-23.21),877/4005,7.2 (5.71-9.05),67/930,11.5 (10.08-13.01),208/1815,15.9 (12.79-19.68),69/433,244.445,4,1.0233558537622129e-51,1.4071142989230425e-51,61.91,True
fusC (fusidic acid),4.2 (4.08-4.39),2786/65850,0.5 (0.34-0.8),21/4005,0.4 (0.17-1.1),4/930,0.5 (0.26-0.94),9/1815,0.7 (0.24-2.02),3/433,240.692,4,6.583315210762686e-51,8.689976078206747e-51,16.74,True
sec (enterotoxin C),9.1 (8.84-9.28),5967/65850,4.5 (3.92-5.21),181/4005,14.6 (12.5-17.04),136/930,11.4 (10.02-12.95),207/1815,15.2 (12.16-18.93),66/433,168.137,4,2.6265577200879587e-35,3.333707875496256e-35,38.88,True
any MLSb [erm(*)],33.9 (33.56-34.29),22340/65850,30.2 (28.79-31.63),1209/4005,38.9 (35.84-42.1),362/930,26.0 (24.04-28.07),472/1815,50.1 (45.43-54.8),217/433,135.32,4,2.833454158902964e-28,3.463110638659178e-28,145.85,True
tst (TSST-1),8.5 (8.32-8.75),5619/65850,4.8 (4.22-5.55),194/4005,15.4 (13.2-17.84),143/930,8.0 (6.88-9.39),146/1815,10.2 (7.66-13.37),44/433,127.971,4,1.0574736086234119e-26,1.2463081815918783e-26,36.44,True
eta (exfoliative toxin A),2.2 (2.08-2.31),1444/65850,0.1 (0.07-0.33),6/4005,0.9 (0.44-1.69),8/930,0.7 (0.38-1.15),12/1815,0.5 (0.13-1.67),2/433,109.512,4,9.248141036864936e-23,1.0523746697122168e-22,8.73,True
etb (exfoliative toxin B),0.9 (0.87-1.02),618/65850,0.0 (0.0-0.14),1/4005,0.1 (0.02-0.61),1/930,0.0 (0.0-0.21),0/1815,0.0 (0.0-0.88),0/433,63.9,4,4.387340000220802e-13,4.826074000242881e-13,3.68,True
fusB (fusidic acid),1.6 (1.5-1.69),1051/65850,0.4 (0.27-0.68),17/4005,0.5 (0.23-1.25),5/930,0.4 (0.22-0.87),8/1815,0.0 (0.0-0.88),0/433,62.291,4,9.56785421159074e-13,1.0185135128467562e-12,6.41,True
mecC (methicillin),0.2 (0.17-0.23),130/65850,0.4 (0.27-0.68),17/4005,0.1 (0.02-0.61),1/930,0.0 (0.0-0.21),0/1815,0.0 (0.0-0.88),0/433,14.814,4,0.0051026386733293,0.0052620961318708,0.88,True
see (enterotoxin E),0.0 (0.01-0.02),7/65850,0.0 (-0.0-0.1),0/4005,0.0 (0.0-0.41),0/930,0.0 (0.0-0.21),0/1815,0.0 (0.0-0.88),0/433,0.764,4,0.9432548361953031,0.9432548361953031,0.04,False
